Unnamed: 0.1,Unnamed: 0,Name,1st Serve %,1st Serve Won %,1st Srv. Return Won %,2nd Serve Won %,2nd Srv. Return Won %,Ace %,Ace Against %,Age,Backhand,Best_Elo_Rank,Best_Rank,Best Season,Birthplace,Break Points Ratio,Break Points Saved %,Break Points Won %,Coach,Country,Current_Elo_Rank,Current_Rank,Davis Cups,Double Fault %,Double Fault Against %,Favorite_Surface,GOAT_Rank,Games Dominance,Games Won %,Grand Slams,H2H %,Height,Last Appearance,Masters,Match Time,Matches Won %,Olympics,Peak Elo Rating,Plays,Points Dominance,Prize Money,Residence,Return Games Won %,Return Points Won %,Seasons,Service Games Won %,Service Points Won %,Sets Won %,Team Cups,Titles,Total Points Won %,Tour Finals,Turned Pro,Weeks at No. 1,Weight,Best_Elo_Rank_Date,Best_Rank_Date,Current_Elo_Rank_Points,Current_Rank_Points,GOAT_Rank_Points,Date_Of_Birth,Total_Win_Percentage,Total_Matches_Won,Total_Matches_Lost,Favorite_Surface_%,Hard_Win_Percentage,Hard_Matches_Won,Hard_Matches_Lost,Clay_Win_Percentage,Clay_Matches_Won,Clay_Matches_Lost,Carpet_Win_Percentage,Carpet_Matches_Won,Carpet_Matches_Lost,Grass_Win_Percentage,Grass_Matches_Won,Grass_Matches_Lost
0,0,Adrian Mannarino,0.604,0.696,0.283,0.508,0.498,0.061,0.092,34,Two-handed,29,22,2019.0,,1.0,0.593,0.409,,France,60,68,,0.033,0.038,Grass,388,0.91,0.489,,0.358,183 cm,27-02-2023,,1:41,0.46,,2004 (29-01-2018),Left-handed,0.97,"US$8,880,161",,0.217,0.368,16,0.762,0.621,0.462,,2.0,0.495,,2004.0,,,2018-01-15,2018-03-19,1888,791,3,1988-06-29,0.46,250,294,0.53,0.471,178,200,0.2239999999999999,15,52,0.0,0,0,0.5760000000000001,57,42
1,1,Albert Ramos,0.623,0.677,0.296,0.516,0.502,0.042,0.072,35,Two-handed,25,17,2016.0,,1.04,0.609,0.405,,Spain,94,50,,0.031,0.037,Clay,270,0.97,0.494,,0.411,188 cm,27-02-2023,,1:54,0.47,,2014 (01-05-2017),Left-handed,0.98,"US$8,162,087",,0.231,0.376,14,0.762,0.616,0.469,,4.0,0.496,,2007.0,,,2017-05-01,2017-05-08,1809,890,7,1988-01-17,0.47,270,304,0.53,0.359,74,132,0.551,190,155,0.0,0,0,0.261,6,17
2,2,Alejandro Davidovich Fokina,0.674,0.652,0.32,0.497,0.509,0.03,0.069,23,Two-handed,24,27,2022.0,,0.95,0.57,0.41,,Spain,41,28,,0.033,0.035,Clay,428,0.97,0.498,,0.3329999999999999,183 cm,27-02-2023,,2:00,0.497,,1998 (13-06-2021),Right-handed,0.99,"US$ 2,733,019",,0.267,0.3929999999999999,5,0.725,0.602,0.5,,,0.498,,2019.0,,,2021-06-13,2022-04-18,1926,1390,3,1999-06-05,0.497,71,72,0.25,0.474,37,41,0.545,30,25,0.0,0,0,0.4,4,6
3,3,Alex De Minaur,0.602,0.701,0.309,0.528,0.515,0.045,0.069,24,Two-handed,15,15,2019.0,,1.09,0.615,0.419,,Australia,15,18,,0.032,0.037,"Fast (H, G)",212,1.18,0.518,,0.636,183 cm,27-02-2023,,1:56,0.588,,2083 (06-03-2023),Right-handed,1.06,"US$6,834,777",,0.25,0.389,7,0.7879999999999999,0.632,0.563,,7.0,0.51,,2015.0,,,2023-03-06,2021-06-28,2083,2165,11,1999-02-17,0.588,157,110,0.34,0.621,123,75,0.405,15,22,0.0,0,0,0.594,19,13
4,4,Alex Molcan,0.65,0.669,0.308,0.524,0.508,0.046,0.078,25,Two-handed,41,38,,,0.96,0.586,0.396,,Slovakia,74,63,,0.03,0.0289999999999999,Clay,0,0.98,0.497,,,178 cm,27-02-2023,,1:49,0.516,,1941 (25-07-2022),Left-handed,1.0,"$764,855",,0.238,0.381,3,0.757,0.618,0.5,,,0.499,,2015.0,,,2022-07-25,2022-05-23,1852,820,0,1997-12-01,0.516,33,31,0.47,0.357,10,18,0.667,20,10,0.0,0,0,0.5,3,3
5,5,Alexander Bublik,0.583,0.768,0.285,0.449,0.4579999999999999,0.158,0.063,25,Two-handed,36,30,2022.0,,1.0,0.621,0.381,,Kazakhstan,48,46,,0.0819999999999999,0.034,Grass,520,0.93,0.493,,0.391,196 cm,27-02-2023,,1:39,0.5,,1961 (31-10-2022),Right-handed,0.96,"US$3,117,630",,0.186,0.35,8,0.8,0.635,0.487,,1.0,0.494,,2016.0,,,2022-10-17,2022-02-21,1913,935,1,1997-06-17,0.5,105,105,0.38,0.5,74,74,0.379,11,18,0.0,0,0,0.606,20,13
6,6,Alexander Zverev,0.6509999999999999,0.7440000000000001,0.307,0.496,0.509,0.106,0.0559999999999999,25,Two-handed,3,2,2021.0,"Hamburg, Germany",1.06,0.603,0.42,Mischa Zverev,Germany,6,14,0.0,0.053,0.034,Clay,32,1.42,0.537,0.0,0.758,198 cm,27-02-2023,5.0,1:46,0.684,1.0,2303 (21-11-2021),Right-handed,1.12,"US$31,767,815 7th all-time in earnings","Monte-Carlo, Monaco",0.252,0.384,11,0.823,0.6579999999999999,0.638,0.0,19.0,0.518,2.0,2013.0,0.0,86kg,2021-11-21,2022-06-13,2160,2500,111,1997-04-20,0.684,336,155,0.17,0.6759999999999999,202,97,0.716,106,42,0.0,0,0,0.636,28,16
7,7,Andrey Rublev,0.603,0.7490000000000001,0.299,0.508,0.527,0.088,0.094,25,Two-handed,5,5,2021.0,"Moscow, Russia",1.08,0.625,0.407,Fernando Vicente,Russian Federation,9,7,1.0,0.035,0.042,All-Rounder,89,1.38,0.532,,0.618,188 cm,27-02-2023,,1:42,0.64,,2227 (08-03-2021),Right-handed,1.12,"US$11,652,136","Moscow, Russia",0.244,0.387,10,0.8220000000000001,0.653,0.596,1.0,12.0,0.517,,2014.0,,85 kg,2020-11-02,2021-09-13,2126,3660,42,1997-10-20,0.64,238,134,0.06,0.644,179,99,0.623,48,29,0.0,0,0,0.647,11,6
8,8,Andy Murray,0.581,0.7440000000000001,0.3289999999999999,0.517,0.5489999999999999,0.086,0.061,35,Two-handed,2,1,2016.0,"Dunblane, Scotland",1.14,0.621,0.432,Jamie Delgado,United Kingdom,22,55,1.0,0.032,0.036,Grass,13,1.68,0.564,3.0,0.894,190 cm,20-02-2023,14.0,1:54,0.755,2.0,2500 (21-11-2016),Right-handed,1.18,"US$62,631,258 * 4th all-time leader in earnings","London, England",0.306,0.415,19,0.818,0.649,0.6890000000000001,,46.0,0.53,1.0,2005.0,41.0,84 kg,2009-04-19,2016-11-07,2032,855,314,1987-05-15,0.755,723,235,0.27,0.755,489,159,0.695,107,47,0.727,8,3,0.818,117,26
9,9,Arthur Rinderknech,0.648,0.748,0.256,0.485,0.455,0.12,0.081,27,Two-handed,53,42,,,1.08,0.657,0.369,,France,79,72,,0.027,0.033,"Slow (H, Cl)",0,1.0,0.496,,0.2,196 cm,20-02-2023,,1:57,0.494,,1909 (21-02-2022),Right-handed,0.96,"US$1,094,599",,0.16,0.33,4,0.84,0.655,0.47,,,0.495,,2018.0,,,2022-10-31,2022-10-31,1843,737,0,1995-07-23,0.494,41,42,0.24,0.518,29,27,0.476,10,11,0.0,0,0,0.3329999999999999,2,4
10,10,Ben Shelton,0.611,0.7809999999999999,0.25,0.532,0.408,0.114,0.081,20,,80,41,2023.0,,1.01,0.647,0.357,,United States,86,41,,0.0559999999999999,0.0409999999999999,Hard,630,0.81,0.504,,,,27-02-2023,,1:52,0.5329999999999999,,1839 (30-01-2023),,0.95,,,0.115,0.301,2,0.8590000000000001,0.684,0.5429999999999999,,,0.492,,,,,2023-02-13,2023-02-06,1824,964,1,2002-10-09,0.5329999999999999,8,7,1.0,0.5329999999999999,8,7,0.0,0,0,0.0,0,0,0.0,0,0
11,11,Benjamin Bonzi,0.604,0.7240000000000001,0.278,0.513,0.504,0.08,0.1,26,Two-handed,57,42,,,1.05,0.622,0.3989999999999999,,France,57,45,,0.0289999999999999,0.039,Grass,0,1.09,0.507,,0.25,185 cm,20-02-2023,,1:50,0.455,,1893 (27-02-2023),Right-handed,1.01,"US$1,223,800",,0.206,0.363,6,0.8109999999999999,0.6409999999999999,0.48,,,0.503,,2015.0,,,2023-03-06,2023-02-06,1893,944,0,1996-06-09,0.455,35,42,0.5,0.442,23,29,0.3,3,7,0.0,0,0,0.6,9,6
12,12,Bernabe Zapata Miralles,0.64,0.625,0.3229999999999999,0.491,0.513,0.0289999999999999,0.063,26,Two-handed,75,42,,,1.01,0.545,0.461,,Spain,76,42,,0.027,0.037,Clay,0,0.84,0.476,,0.0,185 cm,20-02-2023,,1:52,0.4039999999999999,,1850 (27-02-2023),Right-handed,0.92,"US$760,023",,0.282,0.391,5,0.6629999999999999,0.5770000000000001,0.405,,,0.485,,2015.0,,,2023-02-27,2023-02-27,1850,959,0,1997-01-12,0.4039999999999999,23,34,0.38,0.278,5,13,0.5,18,18,0.0,0,0,0.0,0,3
13,13,Borna Coric,0.623,0.722,0.271,0.529,0.498,0.076,0.09,26,Two-handed,13,12,2018.0,,1.01,0.62,0.384,,Croatia,24,20,1.0,0.0279999999999999,0.036,All-Rounder,191,1.08,0.506,,0.57,188 cm,27-02-2023,1.0,1:49,0.544,,2102 (04-03-2019),Right-handed,1.03,"$8,509,168",,0.201,0.36,11,0.813,0.65,0.526,,3.0,0.504,,2013.0,,,2019-01-07,2018-11-05,2021,1905,14,1996-11-14,0.544,190,159,0.03,0.544,123,103,0.5489999999999999,56,46,0.0,0,0,0.524,11,10
14,14,Botic Van De Zandschulp,0.63,0.7240000000000001,0.312,0.48,0.494,0.08,0.059,27,Two-handed,27,22,2021.0,,1.07,0.624,0.4039999999999999,,Netherlands,31,33,,0.05,0.035,All-Rounder,630,1.1,0.509,,0.5710000000000001,188 cm,27-02-2023,,1:58,0.5670000000000001,,1998 (24-09-2022),Right-handed,1.03,"US$1,536,219",,0.238,0.379,4,0.784,0.634,0.535,,,0.505,,2013.0,,,2022-09-24,2022-08-29,1962,1205,1,1995-10-04,0.5670000000000001,59,45,0.04,0.562,41,32,0.579,11,8,0.0,0,0,0.583,7,5
15,15,Brandon Nakashima,0.623,0.747,0.266,0.54,0.498,0.092,0.104,21,Two-handed,35,43,2022.0,,1.03,0.619,0.3939999999999999,,United States,47,48,,0.024,0.0409999999999999,"Fast (H, G)",520,1.16,0.514,,0.429,,27-02-2023,,1:58,0.563,,1958 (26-09-2022),Right-handed,1.08,"US$ 918,463",,0.184,0.357,4,0.841,0.669,0.556,,1.0,0.512,,2019.0,,,2022-09-26,2022-10-17,1913,927,1,2001-08-03,0.563,49,38,0.36,0.5710000000000001,40,30,0.429,3,4,0.0,0,0,0.6,6,4
16,16,Cameron Norrie,0.652,0.7040000000000001,0.308,0.501,0.513,0.06,0.078,27,Two-handed,11,8,2021.0,,1.12,0.622,0.422,,United Kingdom,13,12,,0.037,0.036,Clay,190,1.24,0.524,,0.643,188 cm,20-02-2023,1.0,1:52,0.598,,2105 (21-09-2022),Left-handed,1.05,"US$5,346,912",,0.254,0.386,7,0.7959999999999999,0.634,0.564,,5.0,0.509,,2017.0,,,2022-08-21,2022-09-12,2094,2815,14,1995-08-23,0.598,168,113,0.2,0.59,108,75,0.642,43,24,0.0,0,0,0.5479999999999999,17,14
17,17,Carlos Alcaraz Garfia,0.645,0.7,0.34,0.542,0.529,0.042,0.045,19,Two-handed,4,1,2022.0,,1.09,0.623,0.413,,Spain,4,2,,0.03,0.036,Clay,76,1.57,0.556,1.0,0.708,185 cm,20-02-2023,2.0,2:10,0.742,,2225 (12-09-2022),Right-handed,1.16,"US$5,452,072",,0.309,0.413,4,0.8029999999999999,0.644,0.67,,7.0,0.525,,2018.0,20.0,,2022-09-12,2022-09-12,2194,6780,48,2003-05-05,0.742,92,32,0.26,0.7,42,18,0.7929999999999999,46,12,0.0,0,0,0.667,4,2
18,18,Casper Ruud,0.6509999999999999,0.723,0.29,0.5429999999999999,0.51,0.064,0.076,24,Two-handed,6,2,2022.0,,1.07,0.62,0.405,,Norway,14,4,,0.0289999999999999,0.038,Clay,95,1.42,0.5379999999999999,,0.6559999999999999,183 cm,27-02-2023,,1:50,0.636,,2163 (05-06-2022),Right-handed,1.1,"US$6,419,239",,0.237,0.373,8,0.833,0.66,0.5920000000000001,,9.0,0.517,,2015.0,,,2022-04-03,2022-09-12,2085,5560,38,1998-12-22,0.636,161,92,0.48,0.537,58,50,0.728,99,37,0.0,0,0,0.375,3,5
19,19,Christian Garin,0.61,0.688,0.311,0.495,0.499,0.051,0.072,26,Two-handed,26,17,2020.0,,1.0,0.599,0.402,,Chile,59,97,,0.038,0.039,Clay,267,0.98,0.498,,0.324,185 cm,27-02-2023,,1:58,0.51,,2010 (12-07-2021),Right-handed,0.99,"US$4,075,746",,0.247,0.3829999999999999,12,0.747,0.613,0.495,,5.0,0.497,,2011.0,,,2021-06-13,2021-09-13,1888,566,7,1996-05-30,0.51,100,96,0.43,0.344,22,42,0.611,69,44,0.0,0,0,0.5,9,9
20,20,Christopher Oconnell,0.636,0.7170000000000001,0.254,0.501,0.4639999999999999,0.083,0.088,28,,109,78,,,0.88,0.63,0.324,,Australia,109,86,,0.02,0.039,Hard,0,0.75,0.474,,,183 cm,27-02-2023,,2:13,0.318,,1797 (06-03-2023),Right-handed,0.93,,,0.15,0.3339999999999999,5,0.8,0.639,0.4029999999999999,,,0.488,,,,,2023-03-06,2022-11-28,1797,649,0,1994-06-03,0.318,14,30,0.28,0.351,13,24,0.2,1,4,0.0,0,0,0.0,0,2
21,21,Constant Lestienne,0.62,0.677,0.285,0.455,0.496,0.0559999999999999,0.098,30,Two-handed,85,48,,,0.88,0.5539999999999999,0.391,,France,110,62,,0.04,0.032,Hard,0,0.68,0.4629999999999999,,,180 cm,27-02-2023,,1:40,0.429,,1833 (30-01-2023),Right-handed,0.89,"$606,598",,0.204,0.363,6,0.698,0.593,0.439,,,0.482,,2012.0,,,2023-01-30,2023-02-06,1796,821,0,1992-05-23,0.429,12,16,1.0,0.462,12,14,0.0,0,2,0.0,0,0,0.0,0,0
22,22,Corentin Moutet,0.677,0.647,0.303,0.488,0.5,0.026,0.061,23,Two-handed,48,51,,,0.91,0.564,0.397,,France,49,69,,0.038,0.036,Hard,0,0.8,0.47,,0.5,175 cm,16-01-2023,,2:10,0.446,,1921 (07-11-2022),Left-handed,0.93,"US $2,087,109",,0.228,0.376,6,0.715,0.596,0.4479999999999999,,,0.486,,2016.0,,,2022-11-07,2022-11-07,1912,780,0,1999-04-19,0.446,45,56,0.22,0.5,27,27,0.375,15,25,0.0,0,0,0.429,3,4
23,23,Daniel Altmaier,0.602,0.7,0.27,0.471,0.461,0.081,0.062,24,One-handed,97,53,,,1.03,0.64,0.37,,Germany,168,98,,0.034,0.032,"Soft (Cl, G)",0,0.71,0.46,,,188 cm,27-02-2023,,1:56,0.31,,1826 (18-10-2021),Right-handed,0.87,"$843,484",,0.179,0.342,6,0.7490000000000001,0.609,0.362,,,0.478,,2014.0,,,2021-11-01,2022-05-23,1661,564,0,1998-09-12,0.31,18,40,0.39,0.182,4,18,0.385,10,16,0.0,0,0,0.4,4,6
24,24,Daniel Elahi Galan Riveros,0.629,0.6829999999999999,0.295,0.499,0.494,0.052,0.059,26,Two-handed,67,67,,,1.02,0.575,0.435,,Colombia,121,89,,0.017,0.04,None,0,0.94,0.492,,,191 cm,27-02-2023,,1:51,0.4679999999999999,,1871 (26-09-2022),Right-handed,0.96,"$1,071,603",,0.233,0.372,7,0.753,0.615,0.485,,,0.496,,2015.0,,,2022-09-26,2022-11-28,1789,639,0,1996-06-18,0.4679999999999999,36,41,0.07,0.447,17,21,0.486,17,18,0.0,0,0,0.5,2,2
25,25,Daniel Evans,0.613,0.7040000000000001,0.298,0.509,0.503,0.054,0.085,32,One-handed,25,22,2021.0,,1.06,0.613,0.412,,United Kingdom,43,29,1.0,0.035,0.037,Hard,412,1.03,0.5,,0.442,175 cm,27-02-2023,,2:06,0.487,,2002 (08-02-2021),Right-handed,1.01,"US $4,894,127",,0.2319999999999999,0.376,16,0.775,0.628,0.496,,1.0,0.502,,2006.0,,,2021-02-08,2021-09-27,1923,1380,3,1990-05-23,0.487,131,138,0.29,0.521,101,93,0.359,14,25,0.0,0,0,0.444,16,20
26,26,Daniil Medvedev,0.609,0.755,0.31,0.52,0.5379999999999999,0.11,0.054,27,Two-handed,3,1,2021.0,"Moscow, Russia",1.17,0.634,0.428,Gilles Cervara,Russian Federation,3,6,1.0,0.045,0.035,Hard,34,1.68,0.556,1.0,0.741,198 cm,27-02-2023,4.0,1:44,0.7070000000000001,,2316 (31-01-2022),Right-handed,1.18,"US$23,595,082 17th all-time leader in earnings","Monte Carlo, Monaco",0.272,0.396,8,0.838,0.6629999999999999,0.669,1.0,18.0,0.527,1.0,2014.0,16.0,83 kg,2021-09-13,2022-02-28,2255,3775,108,1996-02-11,0.7070000000000001,282,117,0.49,0.75,231,77,0.439,18,23,0.0,0,0,0.66,33,17
27,27,David Goffin,0.5820000000000001,0.715,0.313,0.503,0.526,0.068,0.076,32,Two-handed,8,7,2017.0,,1.03,0.599,0.413,,Belgium,58,40,,0.043,0.038,"Slow (H, Cl)",119,1.2,0.524,,0.644,180 cm,20-02-2023,,1:42,0.584,,2165 (01-12-2017),Right-handed,1.06,"US$15,682,647 40th all-time in earnings",,0.273,0.397,13,0.773,0.626,0.5589999999999999,,6.0,0.51,,2009.0,,,2018-05-21,2017-11-20,1891,985,28,1990-12-07,0.584,319,227,0.14,0.5770000000000001,202,148,0.611,88,56,0.0,0,0,0.56,28,22
28,28,Denis Kudla,0.5820000000000001,0.696,0.26,0.507,0.485,0.07,0.1169999999999999,30,Two-handed,80,53,,,0.94,0.5770000000000001,0.3979999999999999,,United States,139,90,,0.0409999999999999,0.0409999999999999,Grass,0,0.74,0.467,,0.467,180 cm,13-02-2023,,1:40,0.352,,1855 (10-09-2018),Right-handed,0.91,"US$3,185,747",,0.183,0.348,14,0.753,0.617,0.38,,,0.484,,2010.0,,,2021-08-22,2016-05-23,1761,608,0,1992-08-17,0.352,69,127,0.43,0.309,38,85,0.238,5,16,0.0,0,0,0.5,26,26
29,29,Denis Shapovalov,0.593,0.76,0.281,0.517,0.48,0.1009999999999999,0.049,23,One-handed,15,10,2019.0,,1.09,0.6559999999999999,0.376,,Canada,30,30,1.0,0.065,0.039,"Slow (H, Cl)",196,1.2,0.517,,0.595,185 cm,27-02-2023,,1:56,0.5579999999999999,,2075 (13-01-2020),Left-handed,1.05,"US$9,059,949",,0.192,0.356,8,0.8390000000000001,0.6609999999999999,0.537,1.0,1.0,0.507,,2017.0,,,2021-07-12,2020-09-21,1973,1380,14,1999-04-15,0.5579999999999999,172,136,0.29,0.579,132,96,0.5379999999999999,28,24,0.0,0,0,0.429,12,16
30,30,Diego Sebastian Schwartzman,0.63,0.657,0.336,0.5,0.5489999999999999,0.025,0.071,30,Two-handed,11,8,2019.0,,1.03,0.5720000000000001,0.44,,Argentina,67,38,,0.038,0.039,"Slow (H, Cl)",181,1.16,0.518,,0.5920000000000001,170 cm,27-02-2023,,1:53,0.5489999999999999,,2097 (09-11-2020),Right-handed,1.05,"US$12,088,074",,0.32,0.42,11,0.7240000000000001,0.599,0.5379999999999999,,4.0,0.508,,2010.0,,,2020-11-02,2020-10-12,1873,1010,16,1992-08-16,0.5489999999999999,236,194,0.42,0.54,114,97,0.579,114,83,0.0,0,0,0.364,8,14
31,31,Dusan Lajovic,0.6629999999999999,0.6759999999999999,0.284,0.519,0.488,0.046,0.067,32,One-handed,35,23,2019.0,,0.97,0.598,0.391,,Serbia,80,71,,0.023,0.036,Clay,412,0.9,0.488,,0.3429999999999999,180 cm,27-02-2023,,1:46,0.434,,1962 (22-04-2019),Right-handed,0.96,"US$ 7,502,883",,0.209,0.362,14,0.769,0.623,0.4539999999999999,1.0,1.0,0.494,,2007.0,,,2019-04-22,2019-04-29,1838,738,3,1990-06-30,0.434,170,222,0.41,0.39,69,108,0.492,94,97,0.0,0,0,0.273,6,16
32,32,Emil Ruusuvuori,0.6559999999999999,0.693,0.312,0.493,0.518,0.055,0.068,23,Two-handed,47,40,,,0.93,0.573,0.397,,Finland,65,59,,0.046,0.042,Hard,0,1.01,0.501,,0.5710000000000001,188 cm,27-02-2023,,1:51,0.493,,1917 (02-05-2022),Right-handed,1.04,"US$1,436,572",,0.244,0.392,7,0.76,0.624,0.486,,,0.506,,2018.0,,,2022-05-08,2022-11-21,1879,846,0,1999-04-02,0.493,68,70,0.26,0.529,54,48,0.375,9,15,0.0,0,0,0.455,5,6
33,33,Emilio Gomez,0.617,0.7040000000000001,0.273,0.466,0.481,0.048,0.0819999999999999,31,Two-handed,152,90,,,1.02,0.601,0.409,,Ecuador,159,92,,0.033,0.036,Clay,0,0.79,0.49,,,185 cm,27-02-2023,,1:54,0.432,,1744 (10-02-2017),Right-handed,0.91,"$476,486",,0.201,0.351,12,0.745,0.613,0.4629999999999999,,,0.486,,,,,2017-02-10,2023-02-27,1706,603,0,1991-11-28,0.432,19,25,0.25,0.355,11,20,0.5,5,5,0.0,0,0,0.0,0,0
34,34,Fabio Fognini,0.591,0.675,0.315,0.484,0.507,0.0409999999999999,0.061,35,Two-handed,14,9,2019.0,,1.0,0.5710000000000001,0.427,,Italy,91,88,,0.05,0.036,Clay,160,0.96,0.494,,0.465,178 cm,27-02-2023,1.0,1:44,0.525,,2112 (20-04-2014),Right-handed,0.97,"US$16,673,573 34th all-time leader in earnings",,0.268,0.391,19,0.72,0.597,0.51,,9.0,0.495,,2004.0,,,2014-04-11,2019-07-15,1814,643,18,1987-05-24,0.525,405,366,0.19,0.47,155,175,0.5720000000000001,226,169,0.0,0,1,0.512,22,21
35,35,Facundo Bagnis,0.612,0.672,0.286,0.494,0.475,0.06,0.068,33,Two-handed,105,55,,,0.93,0.602,0.372,,Argentina,167,96,,0.042,0.038,Clay,0,0.71,0.462,,0.3,,27-02-2023,,1:48,0.322,,1804 (15-03-2021),Left-handed,0.9,"US$2,076,350",,0.1889999999999999,0.358,12,0.732,0.603,0.365,,,0.482,,2007.0,,,2021-04-04,2016-11-14,1669,570,0,1990-02-27,0.322,37,78,0.69,0.231,6,20,0.369,31,53,0.0,0,0,0.0,0,5
36,36,Federico Coria,0.665,0.631,0.321,0.488,0.516,0.033,0.043,30,Two-handed,86,49,,,0.96,0.564,0.417,,Argentina,116,64,,0.032,0.036,Clay,0,0.81,0.47,,1.0,180 cm,13-02-2023,,1:53,0.435,,1839 (22-05-2022),Right-handed,0.94,"US$ 1,543,801",,0.26,0.3929999999999999,5,0.679,0.583,0.41,,,0.488,,2010.0,,,2022-05-22,2023-02-13,1793,810,0,1992-03-09,0.435,40,52,0.48,0.231,6,20,0.531,34,30,0.0,0,0,0.0,0,2
37,37,Felix Auger Aliassime,0.639,0.755,0.298,0.501,0.477,0.121,0.057,22,Two-handed,8,6,2022.0,,1.05,0.64,0.377,,Canada,11,10,1.0,0.052,0.034,Grass,172,1.21,0.522,,0.649,193 cm,27-02-2023,,1:59,0.612,,2140 (04-12-2022),Right-handed,1.08,"US$7,031,580",,0.2019999999999999,0.364,6,0.833,0.6629999999999999,0.579,1.0,4.0,0.512,,2017.0,,,2022-11-07,2022-11-07,2108,3245,17,2000-08-08,0.612,167,106,0.29,0.626,114,68,0.525,31,28,0.0,0,0,0.688,22,10
38,38,Filip Krajinovic,0.639,0.6859999999999999,0.285,0.51,0.512,0.0579999999999999,0.105,31,Two-handed,25,26,2017.0,,1.05,0.606,0.413,,Serbia,52,74,,0.025,0.038,Grass,373,1.0,0.499,,0.457,185 cm,27-02-2023,,1:44,0.498,,2033 (21-09-2020),Right-handed,0.99,"US$ 5,207,059",,0.2339999999999999,0.375,14,0.7659999999999999,0.622,0.489,,,0.499,,2008.0,,,2020-08-31,2018-04-23,1902,730,4,1992-02-27,0.498,123,124,0.15,0.5,82,82,0.493,35,36,0.0,0,0,0.455,5,6
39,39,Frances Tiafoe,0.609,0.7190000000000001,0.267,0.52,0.497,0.084,0.11,25,Two-handed,17,14,2022.0,,1.0,0.618,0.3829999999999999,,United States,21,16,,0.03,0.038,Hard,284,0.97,0.498,,0.357,188 cm,27-02-2023,,1:57,0.505,,2051 (09-01-2023),Right-handed,0.99,"US$ 5,602,454",,0.192,0.355,10,0.8029999999999999,0.6409999999999999,0.514,1.0,1.0,0.498,,2015.0,,,2023-01-09,2023-02-06,2037,2395,7,1998-01-20,0.505,143,140,0.22,0.529,109,97,0.412,21,30,0.0,0,0,0.5,13,13
40,40,Francisco Cerundolo,0.632,0.653,0.341,0.496,0.511,0.032,0.043,24,Two-handed,46,24,2022.0,,1.03,0.614,0.397,,Argentina,69,32,,0.039,0.03,Clay,473,1.0,0.496,,0.0,185 cm,27-02-2023,,1:55,0.466,,1930 (25-07-2022),Right-handed,1.0,"$911,875",,0.271,0.405,5,0.7290000000000001,0.595,0.462,,1.0,0.499,,2018.0,,,2022-07-25,2022-07-25,1870,1275,2,1998-08-13,0.466,34,39,0.25,0.385,10,16,0.535,23,20,0.0,0,0,0.25,1,3
41,41,Gregoire Barrere,0.633,0.6920000000000001,0.266,0.487,0.488,0.062,0.1,29,Two-handed,100,58,,,0.82,0.551,0.367,,France,100,65,,0.032,0.046,Hard,0,0.69,0.46,,0.5,183 cm,20-02-2023,,1:50,0.3329999999999999,,1810 (10-02-2020),Right-handed,0.92,"US$1,498,034",,0.179,0.351,8,0.741,0.617,0.37,,,0.484,,2012.0,,,2023-03-06,2023-02-20,1805,799,0,1994-02-16,0.3329999999999999,18,36,0.47,0.385,15,24,0.182,2,9,0.0,0,0,0.25,1,3
42,42,Grigor Dimitrov,0.624,0.745,0.296,0.512,0.493,0.085,0.069,31,One-handed,6,3,2017.0,"Haskovo, Bulgaria",1.04,0.628,0.386,Dante Bottini,Bulgaria,26,25,,0.044,0.036,All-Rounder,88,1.25,0.526,,0.629,188 cm,20-02-2023,1.0,1:45,0.596,,2203 (19-02-2018),Right-handed,1.08,"US$$21,265,457","Monte-Carlo, Monaco",0.22,0.371,16,0.825,0.657,0.573,,8.0,0.513,1.0,2008.0,,80 kg,2018-01-29,2017-11-20,2014,1620,42,1991-05-16,0.596,378,256,0.09,0.604,255,167,0.583,84,60,1.0,2,0,0.561,37,29
43,43,Holger Vitus Nodskov Rune,0.632,0.7120000000000001,0.296,0.526,0.517,0.057,0.062,19,Two-handed,13,8,2022.0,,1.1,0.617,0.421,,Denmark,17,8,,0.046,0.039,Hard,244,1.21,0.526,,0.429,185 cm,27-02-2023,1.0,1:49,0.586,,2089 (07-11-2022),Right-handed,1.06,"US$584,580",,0.235,0.3779999999999999,6,0.8059999999999999,0.643,0.5820000000000001,,3.0,0.51,,2020.0,,,2022-11-07,2023-03-06,2071,3321,8,2003-04-29,0.586,58,41,0.29,0.667,40,20,0.5,18,18,0.0,0,0,0.0,0,3
44,44,Hubert Hurkacz,0.631,0.752,0.2739999999999999,0.52,0.48,0.124,0.071,26,Two-handed,11,9,2021.0,,1.05,0.647,0.371,,Poland,16,11,,0.03,0.038,"Fast (H, G)",165,1.21,0.52,,0.466,196 cm,27-02-2023,1.0,1:52,0.5760000000000001,,2099 (20-06-2022),Right-handed,1.06,"US$6,353,995",,0.186,0.353,8,0.847,0.6659999999999999,0.556,,6.0,0.509,,2015.0,,,2022-08-15,2021-11-08,2082,3110,17,1997-02-11,0.5760000000000001,136,100,0.21,0.594,104,71,0.474,18,20,0.0,0,0,0.609,14,9
45,45,Hugo Dellien,0.731,0.624,0.306,0.476,0.503,0.026,0.059,29,Two-handed,127,64,,,0.9,0.59,0.371,,"Bolivia, Plurinational State of",129,99,,0.022,0.0409999999999999,Clay,0,0.72,0.469,,,180 cm,20-02-2023,,1:48,0.402,,1781 (20-09-2019),Right-handed,0.92,"US $1,350,395",,0.225,0.381,11,0.685,0.584,0.428,,,0.483,,2009.0,,,2019-09-23,2022-08-01,1779,561,0,1993-06-16,0.402,33,49,0.28,0.294,5,12,0.45,27,33,0.0,0,0,0.0,0,2
46,46,Ilya Ivashka,0.618,0.716,0.294,0.495,0.511,0.074,0.068,29,Two-handed,29,40,2021.0,,0.98,0.601,0.392,,Belarus,42,85,,0.038,0.044,"Fast (H, G)",520,1.08,0.508,,0.455,193 cm,20-02-2023,,2:01,0.516,,1987 (08-11-2021),Right-handed,1.03,"US$1,947,392",,0.233,0.379,8,0.784,0.632,0.515,,1.0,0.505,,2013.0,,,2021-09-13,2022-06-20,1924,651,1,1994-02-24,0.516,79,74,0.25,0.539,55,47,0.433,13,17,0.0,0,0,0.579,11,8
47,47,Jack Draper,0.579,0.752,0.281,0.516,0.515,0.108,0.099,21,Two-handed,37,38,,,1.21,0.68,0.386,,United Kingdom,37,56,,0.042,0.037,None,0,1.3,0.522,,0.0,191 cm,16-01-2023,,1:47,0.561,,1944 (16-01-2023),Left-handed,1.06,"$262,800",,0.226,0.366,3,0.8270000000000001,0.653,0.594,,,0.511,,2018.0,,,2023-02-27,2023-01-16,1941,854,0,2001-12-22,0.561,23,18,0.08,0.556,15,12,0.5,1,1,0.0,0,0,0.583,7,5
48,48,Jannik Sinner,0.593,0.7190000000000001,0.322,0.531,0.522,0.061,0.061,21,Two-handed,7,9,2021.0,,1.17,0.632,0.432,,Italy,8,13,,0.0289999999999999,0.035,"Slow (H, Cl)",177,1.4,0.542,,0.58,188 cm,20-02-2023,,1:59,0.684,,2167 (01-08-2022),Right-handed,1.12,"US $5,039,946",,0.267,0.3989999999999999,5,0.81,0.643,0.643,,7.0,0.519,,2018.0,,,2022-08-01,2021-11-01,2132,2655,16,2001-08-16,0.684,132,61,0.58,0.705,93,39,0.6729999999999999,35,17,0.0,0,0,0.444,4,5
49,49,Jason Kubler,0.622,0.703,0.282,0.496,0.476,0.07,0.087,29,Two-handed,73,71,,,1.07,0.598,0.429,,Australia,73,75,,0.048,0.035,Grass,0,0.99,0.495,,,178 cm,20-02-2023,,2:17,0.487,,1856 (27-02-2023),Right-handed,0.95,"$685,676",,0.213,0.356,7,0.785,0.625,0.495,,,0.493,,2010.0,,,2023-02-27,2023-02-27,1856,710,0,1993-05-19,0.487,19,20,0.41,0.423,11,15,0.5,2,2,0.0,0,0,0.667,6,3
50,50,Jaume Munar,0.643,0.674,0.321,0.474,0.5,0.043,0.049,25,Two-handed,76,52,,,0.89,0.584,0.371,,Spain,108,58,,0.038,0.04,Clay,0,0.87,0.483,,0.208,183 cm,27-02-2023,,2:04,0.411,,1866 (29-04-2019),Right-handed,0.98,"US$2,506,990",,0.237,0.3879999999999999,9,0.7290000000000001,0.603,0.439,,,0.495,,2014.0,,,2019-05-06,2019-05-20,1797,847,0,1997-05-05,0.411,65,93,0.65,0.321,17,36,0.49,47,49,0.0,0,0,0.111,1,8
51,51,Jeffrey John Wolf,0.588,0.727,0.286,0.492,0.483,0.093,0.126,24,Two-handed,43,39,,,0.99,0.609,0.389,,United States,50,44,,0.045,0.04,Hard,0,0.93,0.498,,,,27-02-2023,,1:51,0.51,,1926 (13-02-2023),Right-handed,0.97,"$479,745",,0.206,0.357,4,0.777,0.63,0.524,,,0.494,,2019.0,,,2023-02-13,2023-02-13,1912,951,0,1998-12-21,0.51,25,24,1.0,0.511,24,23,0.5,1,1,0.0,0,0,0.0,0,0
52,52,Jenson Brooksby,0.6459999999999999,0.674,0.316,0.518,0.503,0.037,0.068,22,Two-handed,31,33,,,1.02,0.584,0.422,,United States,35,49,,0.018,0.039,"Fast (H, G)",0,1.11,0.516,,0.3329999999999999,,16-01-2023,,1:54,0.5770000000000001,,1984 (03-04-2022),Right-handed,1.03,"US$845,709",,0.265,0.391,5,0.7609999999999999,0.619,0.54,,,0.506,,2021.0,,,2022-04-03,2022-06-13,1947,920,0,2000-10-26,0.5770000000000001,45,33,0.48,0.61,36,23,0.286,2,5,0.0,0,0,0.583,7,5
53,53,Jiri Lehecka,0.635,0.68,0.278,0.517,0.456,0.065,0.061,21,,52,37,2023.0,,1.01,0.61,0.3929999999999999,,Czech Republic,53,47,,0.033,0.034,Hard,630,0.76,0.483,,0.0,185 cm,27-02-2023,,1:51,0.425,,1904 (27-02-2023),Right-handed,0.91,"$347,854",,0.179,0.347,4,0.763,0.62,0.4589999999999999,,,0.487,,,,,2023-02-27,2023-02-06,1901,932,1,2001-11-08,0.425,17,23,0.26,0.481,13,14,0.364,4,7,0.0,0,0,0.0,0,2
54,54,John Isner,0.691,0.7879999999999999,0.223,0.56,0.418,0.213,0.091,37,Two-handed,10,8,2018.0,"Greensboro, North Carolina, U.S.",1.04,0.708,0.303,David Macpherson,United States,32,39,,0.026,0.037,Grass,75,1.24,0.511,,0.622,208 cm,27-02-2023,1.0,1:51,0.615,,2147 (26-08-2012),Right-handed,1.05,"US$21,121,427 21th all-time leader in earnings","Dallas, Texas, U.S.",0.1009999999999999,0.296,17,0.918,0.7170000000000001,0.585,,16.0,0.506,,2007.0,,111 kg,2012-04-13,2018-07-16,1960,995,49,1985-04-26,0.615,482,302,0.22,0.623,347,210,0.5579999999999999,82,65,0.0,0,0,0.6629999999999999,53,27
55,55,Jordan Thompson,0.626,0.708,0.28,0.489,0.483,0.077,0.073,28,Two-handed,57,43,,,0.92,0.594,0.372,,Australia,122,87,,0.027,0.036,"Fast (H, G)",0,0.85,0.484,,0.289,183 cm,13-02-2023,,2:01,0.429,,1908 (01-07-2019),Right-handed,0.96,"US$3,567,788",,0.192,0.357,10,0.774,0.626,0.441,,,0.492,,2013.0,,,2021-07-26,2019-07-15,1786,647,0,1994-04-20,0.429,87,116,0.22,0.4429999999999999,58,73,0.3329999999999999,11,22,0.0,0,0,0.462,18,21
56,56,Juan Pablo Varillas Patino Samudio,0.556,0.705,0.283,0.53,0.503,0.06,0.064,27,Two-handed,105,76,,,0.89,0.5489999999999999,0.402,,Peru,120,76,,0.0279999999999999,0.032,Clay,0,1.0,0.494,,0.0,,27-02-2023,,1:52,0.425,,1802 (27-02-2023),Right-handed,1.0,"$371,200",,0.211,0.372,9,0.7879999999999999,0.627,0.4639999999999999,,,0.498,,2013.0,,,2023-02-20,2023-03-06,1790,681,0,1995-10-06,0.425,17,23,0.53,0.1669999999999999,1,5,0.5,16,16,0.0,0,0,0.0,0,0
57,57,Karen Khachanov,0.623,0.7340000000000001,0.283,0.516,0.5,0.095,0.071,26,Two-handed,10,8,2018.0,,1.1,0.636,0.4,,Russian Federation,19,15,,0.033,0.035,Grass,161,1.16,0.516,,0.54,198 cm,27-02-2023,1.0,1:57,0.569,,2137 (05-11-2018),Right-handed,1.05,"US$10,270,529",,0.209,0.366,11,0.821,0.652,0.552,,4.0,0.508,,2013.0,,,2019-02-08,2019-07-15,2067,2470,18,1996-05-21,0.569,215,163,0.18,0.563,142,110,0.556,50,40,0.0,0,0,0.657,23,12
58,58,Laslo Djere,0.6,0.7070000000000001,0.29,0.502,0.487,0.065,0.049,27,Two-handed,53,27,2019.0,,0.96,0.608,0.3779999999999999,,Serbia,72,54,,0.044,0.033,Clay,388,0.94,0.492,,0.5,188 cm,27-02-2023,,1:58,0.479,,1917 (26-07-2021),Right-handed,0.97,"US$3,478,224",,0.209,0.365,10,0.7759999999999999,0.625,0.4639999999999999,,2.0,0.495,,2013.0,,,2021-07-26,2019-06-10,1863,860,3,1995-06-02,0.479,104,113,0.56,0.325,26,54,0.6,75,50,0.0,0,0,0.25,3,9
59,59,Lorenzo Musetti,0.652,0.6829999999999999,0.301,0.517,0.51,0.042,0.0559999999999999,21,One-handed,31,18,2022.0,,0.99,0.5760000000000001,0.419,,Italy,44,21,,0.027,0.035,Clay,388,1.04,0.502,,0.222,185 cm,27-02-2023,,1:51,0.53,,1988 (07-11-2022),Right-handed,1.01,"US$1,506,610",,0.239,0.38,4,0.7709999999999999,0.625,0.524,,2.0,0.503,,2019.0,,,2022-11-07,2023-01-30,1919,1855,3,2002-03-03,0.53,62,55,0.2,0.5,31,31,0.608,31,20,0.0,0,0,0.0,0,4
60,60,Lorenzo Sonego,0.655,0.725,0.285,0.509,0.46,0.075,0.043,27,Two-handed,25,21,2021.0,,1.0,0.625,0.374,,Italy,51,60,,0.024,0.036,Grass,321,1.01,0.503,,0.58,191 cm,27-02-2023,,2:02,0.488,,1996 (16-05-2021),Right-handed,1.01,"US$2,978,056",,0.183,0.351,7,0.8190000000000001,0.6509999999999999,0.505,,3.0,0.502,,2013.0,,,2021-05-24,2021-10-04,1909,835,5,1995-05-11,0.488,98,103,0.3,0.444,44,55,0.5,38,38,0.0,0,0,0.615,16,10
61,61,Mackenzie Mcdonald,0.642,0.6890000000000001,0.287,0.506,0.505,0.063,0.078,27,Two-handed,38,48,2021.0,,1.01,0.605,0.3979999999999999,,United States,38,53,,0.03,0.038,"Fast (H, G)",630,0.95,0.492,,0.214,178 cm,27-02-2023,,1:53,0.461,,1937 (06-03-2023),Right-handed,0.98,"US$2,708,470",,0.216,0.37,8,0.772,0.624,0.489,,,0.497,,2016.0,,,2023-03-06,2022-08-01,1937,865,1,1995-04-16,0.461,77,90,0.22,0.469,61,69,0.381,8,13,0.0,0,0,0.5,8,8
62,62,Marc Andrea Huesler,0.605,0.748,0.241,0.528,0.475,0.109,0.086,26,Two-handed,76,47,2022.0,,1.06,0.616,0.408,,Switzerland,112,51,,0.033,0.044,None,520,0.92,0.488,,0.5,196 cm,27-02-2023,,1:44,0.444,,1849 (16-01-2023),Left-handed,0.97,"$408,556",,0.153,0.33,6,0.833,0.6609999999999999,0.462,,1.0,0.497,,2016.0,,,2023-01-16,2023-02-13,1795,890,1,1996-06-24,0.444,20,25,0.13,0.484,15,16,0.417,5,7,0.0,0,0,0.0,0,2
63,63,Marco Cecchinato,0.6609999999999999,0.68,0.2769999999999999,0.492,0.479,0.054,0.067,30,One-handed,39,16,2018.0,,0.85,0.57,0.363,,Italy,124,91,,0.032,0.034,Clay,321,0.74,0.47,,0.25,185 cm,27-02-2023,,1:43,0.3779999999999999,,1953 (23-07-2018),Right-handed,0.92,"US$4,300,067",,0.183,0.351,11,0.753,0.616,0.4039999999999999,,3.0,0.486,,2010.0,,,2018-07-23,2019-02-25,1785,605,5,1992-09-30,0.3779999999999999,70,115,0.45,0.196,10,41,0.4639999999999999,58,67,0.0,0,0,0.222,2,7
64,64,Marcos Giron,0.613,0.7070000000000001,0.272,0.506,0.48,0.063,0.079,29,Two-handed,41,49,,,0.95,0.602,0.377,,United States,61,73,,0.023,0.037,"Fast (H, G)",0,0.83,0.477,,0.25,180 cm,27-02-2023,,1:54,0.462,,1934 (28-02-2022),Right-handed,0.94,"US$2,008,784",,0.184,0.35,7,0.779,0.629,0.447,,,0.49,,2014.0,,,2022-02-28,2022-05-16,1888,731,0,1993-07-24,0.462,60,70,0.29,0.485,48,51,0.3329999999999999,6,12,0.0,0,0,0.462,6,7
65,65,Marin Cilic,0.568,0.769,0.301,0.523,0.502,0.1159999999999999,0.071,34,Two-handed,6,3,2014.0,"Medjugorje, BIH",1.07,0.6409999999999999,0.385,Ivan Cinkus,Croatia,23,24,1.0,0.037,0.035,Grass,52,1.4,0.535,1.0,0.7190000000000001,198 cm,02-01-2023,1.0,1:51,0.64,,2232 (19-09-2014),Right-handed,1.12,"US$29,829,383 10th all-time leader in earnings","Monte Carlo, Monaco",0.226,0.3779999999999999,19,0.838,0.6629999999999999,0.605,,20.0,0.518,,2005.0,,82 kg,2014-09-08,2018-01-29,2030,1745,72,1988-09-28,0.64,581,327,0.21,0.638,359,204,0.616,138,86,0.444,4,5,0.7140000000000001,80,32
66,66,Marton Fucsovics,0.579,0.701,0.312,0.508,0.503,0.053,0.044,31,Two-handed,21,31,2021.0,,0.99,0.603,0.392,,Hungary,63,84,,0.042,0.033,Clay,412,1.04,0.511,,0.426,188 cm,20-02-2023,,2:04,0.5,,2018 (12-07-2021),Right-handed,1.02,"US$4,904,310",,0.246,0.387,13,0.765,0.619,0.511,,1.0,0.502,,2009.0,,,2021-04-04,2019-03-04,1882,652,3,1992-02-08,0.5,125,125,0.21,0.49,73,76,0.536,37,32,0.5,2,2,0.423,11,15
67,67,Matteo Berrettini,0.628,0.782,0.282,0.5329999999999999,0.465,0.123,0.059,26,Two-handed,7,6,2021.0,,1.16,0.685,0.367,,Italy,12,23,,0.024,0.036,Grass,135,1.49,0.529,,0.72,196 cm,27-02-2023,,1:59,0.65,,2173 (13-09-2021),Right-handed,1.13,"US$9,279,844",,0.181,0.35,7,0.879,0.6890000000000001,0.614,,7.0,0.516,,2015.0,,,2021-07-12,2022-01-31,2106,1780,24,1996-04-12,0.65,147,79,0.5,0.5660000000000001,69,53,0.6920000000000001,45,20,0.0,0,0,0.846,33,6
68,68,Max Purcell,0.604,0.688,0.264,0.4429999999999999,0.501,0.088,0.089,24,Two-handed,121,95,,,0.79,0.544,0.362,,Australia,144,95,,0.026,0.031,Grass,0,0.66,0.44,,0.0,185 cm,16-01-2023,,1:53,0.364,,1788 (29-08-2021),Right-handed,0.88,"$1,178,213",,0.196,0.359,5,0.703,0.591,0.373,,,0.473,,2016.0,,,2021-09-27,2023-03-06,1741,575,0,1998-04-03,0.364,8,14,0.29,0.308,4,9,0.0,0,1,0.0,0,0,0.5,4,4
69,69,Maxime Cressy,0.613,0.787,0.243,0.534,0.43,0.18,0.095,25,Two-handed,42,31,2022.0,,1.15,0.66,0.392,,United States,46,37,,0.1,0.0409999999999999,Grass,520,1.13,0.509,,0.5,198 cm,27-02-2023,,2:05,0.5,,1928 (20-02-2023),Right-handed,1.0,"$1,006,731",,0.133,0.311,4,0.882,0.6890000000000001,0.498,,1.0,0.501,,2019.0,,,2023-02-13,2022-08-08,1914,1016,1,1997-05-08,0.5,40,40,0.69,0.483,28,30,0.1669999999999999,1,5,0.0,0,0,0.688,11,5
70,70,Michael Mmoh,0.664,0.672,0.292,0.465,0.4579999999999999,0.057,0.087,25,Two-handed,117,82,,,0.93,0.5920000000000001,0.381,,United States,117,83,,0.047,0.03,Hard,0,0.72,0.4629999999999999,,,188 cm,27-02-2023,,2:02,0.354,,1793 (06-03-2023),Right-handed,0.89,"US$1,229,762",,0.196,0.355,8,0.726,0.602,0.387,,,0.481,,2016.0,,,2023-03-06,2023-02-20,1793,653,0,1998-01-10,0.354,17,31,1.0,0.381,16,26,0.25,1,3,0.0,0,0,0.0,0,2
71,71,Mikael Ymer,0.6729999999999999,0.643,0.324,0.483,0.517,0.0279999999999999,0.063,24,Two-handed,43,57,,,0.96,0.5589999999999999,0.422,,Sweden,54,57,,0.039,0.037,"Slow (H, Cl)",0,0.96,0.497,,0.25,183 cm,27-02-2023,,1:59,0.481,,1938 (07-11-2022),Right-handed,0.97,"US$1,652,535",,0.2789999999999999,0.3979999999999999,9,0.71,0.59,0.474,,,0.496,,2015.0,,,2022-11-07,2023-03-06,1898,851,0,1998-09-09,0.481,64,69,0.41,0.5,49,49,0.433,13,17,0.0,0,0,0.4,2,3
72,72,Miomir Kecmanovic,0.611,0.696,0.282,0.537,0.516,0.054,0.094,23,Two-handed,27,27,2020.0,,1.04,0.618,0.3989999999999999,,Serbia,40,31,,0.027,0.043,All-Rounder,520,1.01,0.5,,0.421,183 cm,27-02-2023,,1:48,0.513,,1977 (08-08-2022),Right-handed,1.02,"US$3,380,827",,0.222,0.372,6,0.78,0.634,0.503,,1.0,0.502,,2017.0,,,2022-08-08,2023-01-16,1928,1290,1,1999-08-31,0.513,97,92,0.09,0.508,64,62,0.5329999999999999,24,21,0.0,0,0,0.5,9,9
73,73,Nick Kyrgios,0.659,0.7759999999999999,0.244,0.534,0.472,0.182,0.111,27,Two-handed,6,13,2022.0,"Canberra, Australia",1.19,0.6729999999999999,0.39,Sebastien Grosjean,Australia,7,22,,0.0409999999999999,0.039,"Fast (H, G)",135,1.47,0.527,,0.586,193 cm,03-10-2022,,1:38,0.652,,2176 (15-05-2017),Right-handed,1.08,"US$9,538,282","Canberra, AUS / Nassau, BAH",0.165,0.331,10,0.888,0.6940000000000001,0.618,,7.0,0.512,,2013.0,,85 kg,2022-08-15,2016-10-24,2157,1825,24,1995-04-27,0.652,204,109,0.19,0.6709999999999999,141,69,0.574,27,20,0.0,0,0,0.667,36,18
74,74,Nicolas Jarry,0.632,0.731,0.259,0.523,0.4579999999999999,0.11,0.067,27,Two-handed,45,38,2023.0,,0.97,0.623,0.366,,Chile,62,52,,0.034,0.042,Clay,433,0.87,0.491,,0.222,198 cm,27-02-2023,,1:52,0.485,,1939 (22-07-2019),Right-handed,0.97,"US$2,244,274",,0.153,0.3339999999999999,10,0.823,0.655,0.486,,2.0,0.496,,2014.0,,,2019-07-22,2019-07-22,1887,866,2,1995-10-11,0.485,64,68,0.44,0.302,13,30,0.595,47,32,0.0,0,0,0.4,4,6
75,75,Novak Djokovic,0.649,0.74,0.3379999999999999,0.555,0.552,0.072,0.065,35,Two-handed,1,1,2015.0,"Belgrade, Serbia",1.28,0.654,0.4429999999999999,Marian Vajda and Goran Ivanisevic,Serbia,1,1,1.0,0.03,0.035,Hard,1,2.29,0.594,22.0,0.956,188 cm,27-02-2023,38.0,1:52,0.836,,2629 (01-02-2016),Right-handed,1.3,"US$ 156,136,601 * All-time leader in earnings","Monte Carlo, Monaco",0.321,0.422,20,0.86,0.675,0.7659999999999999,1.0,93.0,0.545,6.0,2003.0,379.0,77 kg,2011-03-21,2011-07-04,2433,7160,1024,1987-05-22,0.836,1045,205,0.15,0.848,669,120,0.804,258,63,0.6920000000000001,9,4,0.858,109,18
76,76,Nuno Borges,0.649,0.693,0.262,0.55,0.477,0.049,0.079,26,Two-handed,141,80,,,0.95,0.649,0.3329999999999999,,Portugal,143,80,,0.031,0.031,None,0,0.75,0.47,,,185 cm,27-02-2023,,2:01,0.412,,1753 (06-03-2023),Right-handed,0.97,"$162,260",,0.134,0.348,3,0.821,0.643,0.417,,,0.494,,2019.0,,,2023-02-20,2023-03-06,1753,662,0,1997-02-19,0.412,7,10,0.15,0.455,5,6,0.4,2,3,0.0,0,0,0.0,0,1
77,77,Oscar Otte,0.5720000000000001,0.755,0.2769999999999999,0.495,0.494,0.105,0.078,29,,47,36,,,1.05,0.615,0.405,,Germany,135,82,,0.05,0.039,Grass,0,1.02,0.494,,0.0,196 cm,27-02-2023,,1:48,0.408,,1917 (11-07-2022),Right-handed,1.01,"$1,328,248",,0.2019999999999999,0.359,6,0.802,0.644,0.447,,,0.502,,2011.0,,,2022-08-21,2022-06-27,1767,656,0,1993-07-16,0.408,29,42,0.51,0.326,14,29,0.4379999999999999,7,9,0.0,0,0,0.667,8,4
78,78,Pablo Carreno Busta,0.652,0.693,0.288,0.524,0.521,0.052,0.087,31,Two-handed,10,10,2017.0,,1.06,0.613,0.412,,Spain,29,17,1.0,0.023,0.039,"Slow (H, Cl)",146,1.16,0.516,,0.5760000000000001,188 cm,13-02-2023,1.0,1:45,0.5579999999999999,,2121 (22-08-2021),Right-handed,1.04,"US$13,386,749",,0.244,0.38,12,0.79,0.634,0.5539999999999999,,7.0,0.507,,2009.0,,,2021-07-31,2017-09-11,1985,2240,22,1991-07-12,0.5579999999999999,268,212,0.35,0.5710000000000001,149,112,0.565,113,87,0.0,0,0,0.316,6,13
79,79,Pedro Cachin,0.626,0.7020000000000001,0.276,0.48,0.476,0.08,0.054,27,Two-handed,133,54,,,0.83,0.5870000000000001,0.344,,Argentina,163,66,,0.025,0.0289999999999999,None,0,0.73,0.465,,,185 cm,27-02-2023,,1:57,0.346,,1765 (24-10-2022),Right-handed,0.93,"US$ 351,047",,0.177,0.354,6,0.7559999999999999,0.619,0.362,,,0.487,,,,,2022-10-24,2022-11-14,1694,797,0,1995-04-12,0.346,9,17,0.01,0.364,4,7,0.3329999999999999,5,10,0.0,0,0,0.0,0,0
80,80,Quentin Halys,0.597,0.762,0.257,0.4539999999999999,0.476,0.13,0.075,26,Two-handed,144,61,,,1.03,0.638,0.372,,France,156,81,,0.061,0.044,Grass,0,0.84,0.484,,,191 cm,27-02-2023,,2:04,0.25,,1744 (13-02-2023),Right-handed,0.94,"$1,404,719",,0.161,0.3389999999999999,9,0.807,0.638,0.361,,,0.488,,2012.0,,,2023-02-13,2023-01-16,1714,661,0,1996-10-26,0.25,14,42,0.58,0.268,11,30,0.1,1,9,0.0,0,0,0.4,2,3
81,81,Rafael Nadal,0.68,0.722,0.342,0.5720000000000001,0.552,0.043,0.073,36,Two-handed,1,1,2010.0,"Manacor, Mallorca, Spain",1.33,0.662,0.449,Carlos Moya,Spain,2,9,5.0,0.023,0.034,Clay,3,2.33,0.597,22.0,0.965,185 cm,16-01-2023,36.0,1:55,0.83,1.0,2552 (09-09-2013),Left-handed,1.3,"US$128,081,950","Manacor, Mallorca, Spain",0.3329999999999999,0.424,22,0.857,0.674,0.773,,92.0,0.545,,2001.0,209.0,85 kg,2008-06-16,2008-08-18,2264,3315,891,1986-06-03,0.83,1066,219,0.4,0.7759999999999999,514,148,0.913,474,45,0.25,2,6,0.792,76,20
82,82,Richard Gasquet,0.614,0.7290000000000001,0.301,0.53,0.506,0.071,0.085,36,One-handed,9,7,2013.0,"Beziers, France",1.04,0.608,0.406,Thierry Ascione,France,39,43,1.0,0.032,0.034,Grass,94,1.33,0.531,,0.685,185 cm,20-02-2023,,1:40,0.616,,2196 (08-02-2016),Right-handed,1.09,"US$19,265,661 28th all-time leader in earnings","Neuchatel, Switzerland",0.244,0.381,22,0.816,0.652,0.593,,16.0,0.516,,2002.0,,75 kg,2007-10-08,2007-07-09,1936,955,39,1986-06-18,0.616,594,370,0.13,0.608,351,226,0.613,160,101,0.563,9,7,0.67,73,36
83,83,Roberto Bautista Agut,0.66,0.6990000000000001,0.304,0.539,0.534,0.0409999999999999,0.091,34,Two-handed,9,9,2019.0,,1.09,0.619,0.414,,Spain,27,27,1.0,0.025,0.037,Grass,148,1.36,0.537,,0.66,183 cm,20-02-2023,,1:45,0.623,,2135 (17-10-2016),Right-handed,1.11,"US$15,665,078",,0.265,0.396,14,0.805,0.645,0.597,,11.0,0.518,,2005.0,,,2019-07-15,2019-11-04,1990,1465,22,1988-04-14,0.623,381,231,0.19,0.628,252,149,0.5870000000000001,88,62,0.0,0,0,0.695,41,18
84,84,Roberto Carballes Baena,0.624,0.6629999999999999,0.299,0.498,0.504,0.034,0.065,29,Two-handed,79,71,2018.0,,1.05,0.5820000000000001,0.44,,Spain,95,79,,0.039,0.038,Clay,520,0.89,0.481,,0.353,183 cm,27-02-2023,,1:57,0.43,,1854 (12-10-2020),Right-handed,0.95,"US$2,931,305",,0.241,0.381,11,0.728,0.601,0.445,,1.0,0.492,,2011.0,,,2022-10-31,2021-11-15,1808,665,1,1993-03-23,0.43,77,102,0.55,0.362,17,30,0.48,59,64,0.0,0,0,0.111,1,8
85,85,Sebastian Baez,0.721,0.64,0.327,0.529,0.506,0.025,0.045,22,Two-handed,49,31,2023.0,,1.0,0.595,0.405,,Argentina,82,35,,0.026,0.031,Clay,433,1.01,0.499,,0.5,170 cm,27-02-2023,,1:52,0.479,,1920 (18-07-2022),Right-handed,1.0,"$738,269",,0.258,0.392,3,0.745,0.609,0.48,,2.0,0.498,,2018.0,,,2022-07-18,2022-08-01,1834,1135,2,2000-12-28,0.479,34,37,0.69,0.136,3,19,0.644,29,16,0.0,0,0,0.5,2,2
86,86,Sebastian Korda,0.6409999999999999,0.705,0.314,0.505,0.508,0.073,0.051,22,Two-handed,15,26,2021.0,,1.14,0.636,0.416,,United States,18,26,,0.031,0.035,All-Rounder,473,1.27,0.529,,0.542,196 cm,16-01-2023,,1:55,0.612,,2071 (30-01-2023),Right-handed,1.06,"$2,070,474",,0.255,0.387,5,0.799,0.634,0.595,,1.0,0.511,,2018.0,,,2023-02-20,2023-01-30,2071,1550,2,2000-07-05,0.612,71,45,0.08,0.615,48,30,0.607,17,11,0.0,0,0,0.6,6,4
87,87,Soon Woo Kwon,0.603,0.7020000000000001,0.2769999999999999,0.509,0.51,0.06,0.115,25,Two-handed,47,52,2023.0,,0.93,0.595,0.375,,"Korea, Republic of",55,70,,0.038,0.036,Hard,433,0.94,0.491,,0.417,180 cm,20-02-2023,,2:05,0.483,,1929 (16-01-2023),Right-handed,0.98,"US$ 1,715,190",,0.212,0.367,7,0.774,0.625,0.473,,2.0,0.495,,2015.0,,,2023-01-16,2021-11-01,1898,739,2,1997-12-02,0.483,56,60,0.27,0.511,45,43,0.444,8,10,0.0,0,0,0.3329999999999999,3,6
88,88,Stan Wawrinka,0.579,0.738,0.298,0.5379999999999999,0.492,0.087,0.053,37,One-handed,5,3,2015.0,"Lausanne, Switzerland",1.09,0.642,0.39,Daniel Vallverdu,Switzerland,34,100,1.0,0.031,0.033,"Slow (H, Cl)",36,1.3,0.528,3.0,0.7340000000000001,183 cm,20-02-2023,1.0,1:52,0.625,,2291 (20-04-2014),Right-handed,1.08,"US$34,780,605 6th all-time leader in earnings","St. Barthelemy, Switzerland",0.2239999999999999,0.374,21,0.828,0.653,0.594,,16.0,0.513,,2002.0,,81 kg,2014-02-17,2014-01-27,1949,557,104,1985-03-28,0.625,546,327,0.32,0.629,319,188,0.657,186,97,0.471,8,9,0.492,32,33
89,89,Stefanos Tsitsipas,0.621,0.76,0.288,0.547,0.492,0.09,0.062,24,One-handed,3,3,2022.0,"Athens, Greece",1.13,0.6459999999999999,0.3989999999999999,Patrick Mouratoglou,Greece,5,3,,0.0279999999999999,0.034,Clay,53,1.5,0.54,,0.75,193 cm,13-02-2023,2.0,1:55,0.6759999999999999,,2258 (13-06-2021),Right-handed,1.13,"US$18,772,374 30th all-time in earnings","Monte Carlo, Monaco",0.21,0.362,7,0.86,0.679,0.628,,9.0,0.52,1.0,2016.0,,85 kg,2023-01-30,2021-08-09,2193,5805,72,1998-08-12,0.6759999999999999,250,120,0.29,0.6509999999999999,157,84,0.755,77,25,0.0,0,0,0.593,16,11
90,90,Tallon Griekspoor,0.638,0.725,0.2339999999999999,0.509,0.477,0.089,0.103,26,Two-handed,45,36,2023.0,,0.97,0.637,0.351,,Netherlands,45,36,,0.036,0.039,"Fast (H, G)",520,0.74,0.479,,0.5,188 cm,27-02-2023,,1:52,0.429,,1917 (06-03-2023),Right-handed,0.92,"US$1,036,488",,0.14,0.325,7,0.812,0.647,0.4479999999999999,,1.0,0.489,,2015.0,,,2023-03-06,2023-03-06,1917,1034,1,1996-07-02,0.429,33,44,0.14,0.434,23,30,0.385,5,8,0.0,0,0,0.455,5,6
91,91,Taylor Harry Fritz,0.594,0.7559999999999999,0.2689999999999999,0.511,0.5,0.115,0.087,25,Two-handed,10,5,2022.0,,0.96,0.62,0.365,,United States,10,5,,0.031,0.0409999999999999,None,166,1.13,0.513,,0.551,193 cm,27-02-2023,1.0,1:47,0.563,,2113 (09-01-2023),Right-handed,1.04,"US$7,560,065",,0.195,0.357,9,0.8270000000000001,0.6559999999999999,0.546,1.0,5.0,0.506,,2015.0,,,2023-01-16,2023-02-27,2112,3795,17,1997-10-28,0.563,187,145,0.12,0.5770000000000001,142,104,0.51,25,24,0.0,0,0,0.541,20,17
92,92,Thanasi Kokkinakis,0.609,0.757,0.245,0.491,0.473,0.122,0.09,26,Two-handed,48,69,2022.0,,1.01,0.65,0.353,,Australia,56,94,,0.04,0.039,Hard,520,0.84,0.484,,0.1669999999999999,196 cm,27-02-2023,,1:56,0.432,,1914 (22-05-2022),Right-handed,0.96,"$2,054,764",,0.146,0.332,9,0.826,0.653,0.445,,1.0,0.493,,2013.0,,,2022-05-22,2015-06-08,1895,577,1,1996-04-10,0.432,51,67,0.24,0.457,43,51,0.3329999999999999,4,8,0.0,0,0,0.364,4,7
93,93,Thiago Monteiro,0.653,0.711,0.257,0.512,0.473,0.066,0.091,28,Two-handed,81,61,,,1.06,0.623,0.401,,Brazil,131,78,,0.027,0.036,Clay,0,0.86,0.485,,0.231,183 cm,27-02-2023,,1:57,0.407,,1846 (08-03-2021),Left-handed,0.95,"US$2,388,137",,0.178,0.341,8,0.794,0.642,0.431,,,0.493,,2011.0,,,2021-03-15,2022-10-17,1771,676,0,1994-05-31,0.407,72,105,0.27,0.318,21,45,0.471,49,55,0.0,0,0,0.286,2,5
94,94,Tomas Martin Etcheverry,0.65,0.6729999999999999,0.276,0.512,0.473,0.063,0.059,23,Two-handed,111,61,,,0.86,0.603,0.342,,Argentina,111,61,,0.0289999999999999,0.03,Clay,0,0.71,0.4629999999999999,,0.0,196 cm,27-02-2023,,2:13,0.3329999999999999,,1796 (06-03-2023),Right-handed,0.91,"$336,472",,0.173,0.35,3,0.755,0.617,0.375,,,0.484,,,,,2023-03-06,2023-03-06,1796,822,0,1999-07-18,0.3329999999999999,11,22,0.16,0.273,3,8,0.381,8,13,0.0,0,0,0.0,0,1
95,95,Tommy Paul,0.612,0.7,0.295,0.517,0.503,0.054,0.062,25,Two-handed,20,18,2023.0,,0.99,0.603,0.3939999999999999,,United States,20,19,,0.0289999999999999,0.037,"Fast (H, G)",367,1.07,0.511,,0.433,185 cm,27-02-2023,,1:52,0.5489999999999999,,2054 (06-03-2023),Right-handed,1.01,"$2,646,856",,0.231,0.375,9,0.784,0.629,0.523,,1.0,0.502,,2015.0,,,2023-01-30,2023-02-13,2054,2000,4,1997-05-17,0.5489999999999999,100,82,0.27,0.5760000000000001,80,59,0.419,13,18,0.0,0,0,0.583,7,5
96,96,Ugo Humbert,0.62,0.7340000000000001,0.2689999999999999,0.518,0.471,0.084,0.081,24,Two-handed,25,25,2020.0,,0.98,0.64,0.353,,France,77,77,,0.034,0.036,Grass,351,0.95,0.501,,0.389,188 cm,06-02-2023,,2:01,0.473,,2002 (09-11-2020),Left-handed,0.99,"US$2,856,586",,0.172,0.344,6,0.8190000000000001,0.652,0.491,,3.0,0.499,,2016.0,,,2021-01-11,2021-06-21,1849,678,4,1998-06-26,0.473,71,79,0.47,0.479,46,50,0.308,8,18,0.0,0,0,0.607,17,11
97,97,Yibing Wu,0.595,0.7,0.303,0.535,0.436,0.061,0.1009999999999999,23,Two-handed,77,58,,,1.05,0.654,0.362,,China,78,67,,0.027,0.037,Hard,0,0.84,0.484,,,183 cm,06-02-2023,,1:53,0.524,,1845 (13-02-2023),Right-handed,0.96,"US$114,311",,0.175,0.351,5,0.792,0.633,0.492,,1.0,0.495,,2017.0,,,2023-02-20,2023-02-13,1845,793,0,1999-10-14,0.524,11,10,1.0,0.5,10,10,0.0,0,0,0.0,0,0,0.0,0,0
98,98,Yoshihito Nishioka,0.6559999999999999,0.638,0.273,0.532,0.531,0.024,0.11,27,Two-handed,32,32,2022.0,,0.96,0.588,0.397,,Japan,33,34,,0.021,0.04,Hard,388,0.84,0.478,,0.375,170 cm,27-02-2023,,1:46,0.47,,1977 (24-02-2020),Left-handed,0.94,"US$3,417,062",,0.231,0.375,10,0.726,0.601,0.4639999999999999,,2.0,0.489,,,,,2023-01-30,2023-02-20,1950,1142,3,1995-09-27,0.47,101,114,0.66,0.508,90,87,0.345,10,19,0.0,0,0,0.111,1,8
99,99,Zhizhen Zhang,0.623,0.7170000000000001,0.271,0.519,0.474,0.084,0.077,26,Two-handed,154,91,,,0.84,0.62,0.319,,China,162,93,,0.019,0.039,Hard,0,0.81,0.481,,,193 cm,16-01-2023,,1:54,0.391,,1737 (07-10-2019),Right-handed,0.96,"US$ 383,009",,0.155,0.345,7,0.8079999999999999,0.642,0.469,,,0.492,,2012.0,,,2021-03-01,2023-02-06,1698,580,0,1996-10-16,0.391,9,14,1.0,0.4,8,12,0.0,0,1,0.0,0,0,0.0,0,1
